id,booking_idx,booking_date,released_date,arresting_agency,grade_of_charge,charge_category,charge_description,court_jurisdiction,bonding_company,bond_amount,disposition,warrant_number,police_case_number,last_update
48,28,2/1/2014 0:15,2/1/2014 1:41,WPD,NULL,HOLD,OTHER AGENCY HOLD,NULL,REL TO ELBERTON PD,0,NULL,NULL,NULL,NULL
87,48,4/13/2014 0:33,4/13/2014 4:55,ACCPD,MISDEMEANOR,PUBLIC INTOXICATION,PUBLIC INTOXICATION,MUNCT,BOND POSTED BY AARON BONDING,500,NULL,NULL,14040852,NULL
88,48,4/13/2014 0:33,4/13/2014 4:55,ACCPD,MISDEMEANOR,UNDAGE POS/FURN ALCH,UNDAGE POS/FURN ALCH,MUNCT,BOND POSTED BY AARON BONDING,500,NULL,NULL,14040852,NULL
150,83,3/3/2014 1:00,3/3/2014 15:45,ACCPD,MISDEMEANOR,FLEE/ATTEMP TO ELUDE,FLEE/ATTEMP TO ELUDE,SUPCT,PROP BOND AND O/R BOND,5000,NULL,NULL,14-03-0112,NULL
151,83,3/3/2014 1:00,3/3/2014 15:45,ACCPD,MISDEMEANOR,VEHICLE,HEADLIGHTS,SUPCT,PROP BOND AND O/R BOND,500,NULL,NULL,14-03-0112,NULL
152,83,3/3/2014 1:00,3/3/2014 15:45,ACCPD,MISDEMEANOR,VEHICLE,IMPROPER DRIVING,SUPCT,PROP BOND AND O/R BOND,500,NULL,NULL,14-03-0112,NULL
153,83,3/3/2014 1:00,3/3/2014 15:45,ACCPD,FELONY,OBSTRUCTION,OBSTRUCTION LEO,SUPCT,PROP BOND AND O/R BOND,15000,NULL,NULL,14-03-0112,NULL
154,83,3/3/2014 1:00,3/3/2014 15:45,ACCPD,FELONY,POSSESSION COCAINE,POSSESSION COCAINE,SUPCT,PROP BOND AND O/R BOND,3000,NULL,NULL,14-03-0112,NULL
155,83,3/3/2014 1:00,3/3/2014 15:45,ACCPD,MISDEMEANOR,VEHICLE,STOP & YIELD SIGNS,SUPCT,PROP BOND AND O/R BOND,500,NULL,NULL,14-03-0112,NULL
204,112,3/18/2014 9:00,NULL,SO,MISDEMEANOR,DUI,DUI ALCOHOL,MUNCT,NULL,0,NULL,MU14-5,NULL,NULL
205,112,3/18/2014 9:00,NULL,SO,MISDEMEANOR,VEHICLE,HIT&RUN LEAVE SCENE,MUNCT,NULL,0,NULL,MU14-5,NULL,NULL
206,112,3/18/2014 9:00,NULL,SO,MISDEMEANOR,VEHICLE,IMPROPER DRIVING,MUNCT,NULL,0,NULL,MU14-5,NULL,NULL
233,128,3/24/2014 9:17,NULL,SO,MISDEMEANOR,DUI,DUI ALCOHOL,MUNCT,NULL,0,NULL,MU1327260,NULL,NULL
234,128,3/24/2014 9:17,NULL,SO,MISDEMEANOR,VEHICLE,OPER UNREGISTERED VE,MUNCT,NULL,0,NULL,MU1327260,NULL,NULL
254,140,2/6/2014 22:00,2/7/2014 1:51,SO,MISDEMEANOR,HAZING STUDENTS-MISD,HAZING STUDENTS-MISD,STCRT,PTRY BOND/ROGER POPE,2500,NULL,MC01CRCR140697,NULL,NULL
338,173,2/11/2014 16:17,2/11/2014 17:23,ACCPD,MISDEMEANOR,POSS OF MARIJ,POSS OF MARIJ-1OZ-,MUNCT,REL TO ATHENS BONDING CO,1000,NULL,NULL,14020617,NULL
339,174,3/29/2014 4:14,3/29/2014 5:11,UGAPD,MISDEMEANOR,DUI,DUI ALCOHOL,MUNCT,REL TO AARON BONDING,1500,NULL,NULL,14-0837,NULL
340,174,3/29/2014 4:14,3/29/2014 5:11,UGAPD,MISDEMEANOR,VEHICLE,IMPROPER DRIVING,MUNCT,REL TO AARON BONDING,500,NULL,NULL,14-0837,NULL
380,194,3/23/2014 23:06,NULL,SO,MISDEMEANOR,PROBATION VIOL,PROBATION VIOL STCRT,STCRT,NULL,0,NULL,ST12CR2872R1,NULL,NULL
381,194,4/7/2014 12:01,NULL,SO,NULL,HOLD,OTHER AGENCY HOLD,NULL,NULL,0,NULL,NULL,NULL,NULL
391,200,3/6/2014 20:37,NULL,SO,MISDEMEANOR,DUI,DUI ALCOHOL,MUNCT,NULL,0,NULL,NULL,NULL,NULL
392,200,3/6/2014 20:37,NULL,SO,MISDEMEANOR,VEHICLE,IMPROPER DRIVING,MUNCT,NULL,0,NULL,NULL,NULL,NULL
393,200,3/6/2014 20:37,NULL,SO,MISDEMEANOR,UNDAGE POS/FURN ALCH,UNDAGE POS/FURN ALCH,MUNCT,NULL,0,NULL,NULL,NULL,NULL
395,202,4/1/2014 17:22,NULL,SO,MISDEMEANOR,PROBATION VIOL,PROBATION VIOL STCRT,STCRT,NULL,0,NULL,ST13CR0674R3,NULL,NULL
397,204,2/5/2014 3:47,2/5/2014 7:46,UGAPD,MISDEMEANOR,UNDAGE POS/FURN ALCH,UNDAGE POS/FURN ALCH,MUNCT,REL TO DOUBLE O BONDING,500,NULL,NULL,140345,NULL
398,204,2/19/2014 16:59,NULL,SO,MISDEMEANOR,PROBATION VIOL,PROBATION VIOL STCRT,STCRT,NULL,0,NULL,ST13CR2709R1,NULL,NULL
471,248,2/28/2014 3:01,2/28/2014 4:37,ACCPD,MISDEMEANOR,THEFT,THEFT OF LOST PROP,STCRT,REL TO DOUBLE O BONDING CO,500,NULL,NULL,14021598,NULL
568,300,3/3/2014 1:40,3/3/2014 3:04,ACCPD,MISDEMEANOR,DUI,DUI ALCOHOL,MUNCT,BOND POSTED JAMES BOND,1500,NULL,NULL,14-03-0111,NULL
569,300,3/3/2014 1:40,3/3/2014 3:04,ACCPD,MISDEMEANOR,VEHICLE,HIT&RUN LEAVE SCENE,MUNCT,BOND POSTED JAMES BOND,1000,NULL,NULL,14-03-0111,NULL
570,300,3/3/2014 1:40,3/3/2014 3:04,ACCPD,MISDEMEANOR,VEHICLE,IMPROPER DRIVING,MUNCT,BOND POSTED JAMES BOND,500,NULL,NULL,14-03-0111,NULL
578,304,2/6/2014 22:39,2/7/2014 0:27,SO,MISDEMEANOR,HAZING STUDENTS-MISD,HAZING STUDENTS-MISD,STCRT,RELEASE TO ATHENS BONDING,2500,NULL,CRCR140701,NULL,NULL
579,305,2/23/2014 6:00,2/23/2014 17:07,SO,MISDEMEANOR,VEHICLE,BRAKE LIGHTS,MUNCT,TIME SERVED,0,NULL,MU1322435,NULL,NULL
580,305,2/23/2014 6:00,2/23/2014 17:07,SO,MISDEMEANOR,DUI,DUI ALCOHOL,MUNCT,TIME SERVED,0,NULL,MU1322435,NULL,NULL
624,321,2/15/2014 9:19,2/15/2014 20:40,SO,MISDEMEANOR,DUI,DUI ALCOHOL,STCRT,TIME SERVED,0,NULL,ST14CR0424,NULL,NULL
654,338,4/9/2014 3:23,4/9/2014 4:23,ACCPD,MISDEMEANOR,DUI,DUI ALCOHOL,MUNCT,RELEASED TO AARON BONDING,1500,NULL,NULL,14-04-0556,NULL
655,338,4/9/2014 3:23,4/9/2014 4:23,ACCPD,MISDEMEANOR,VEHICLE,FURTHER LIMITS L DRI,MUNCT,RELEASED TO AARON BONDING,1000,NULL,NULL,14-04-0556,NULL
656,338,4/9/2014 3:23,4/9/2014 4:23,ACCPD,MISDEMEANOR,VEHICLE,OBEYING SIGNAL/SIGNS,MUNCT,RELEASED TO AARON BONDING,500,NULL,NULL,14-04-0556,NULL
663,344,2/17/2014 4:41,NULL,ACCPD,MISDEMEANOR,CRIMINAL TRESPASS,CRIMINAL TRESPASS,STCRT,NULL,1500,NULL,NULL,NULL,NULL
664,344,2/17/2014 4:41,NULL,ACCPD,MISDEMEANOR,PROBATION VIOL,PROBATION VIOL STCRT,NULL,NULL,0,NULL,ST13CR1458R1,NULL,NULL
717,367,3/8/2014 4:12,3/8/2014 5:31,UGAPD,MISDEMEANOR,UNDAGE POS/FURN ALCH,UNDAGE POS/FURN ALCH,MUNCT,REL TO ATHENS BONDING CO.,500,NULL,NULL,140692,NULL
723,373,2/5/2014 4:44,2/5/2014 6:22,ACCPD,MISDEMEANOR,DUI,DUI ALCOHOL,MUNCT,REL TO DOUBLE O BONDING,1500,NULL,NULL,14020236,NULL
724,373,2/5/2014 4:44,2/5/2014 6:22,ACCPD,MISDEMEANOR,VEHICLE,IMPROPER DRIVING,MUNCT,REL TO DOUBLE O BONDING,500,NULL,NULL,14020236,NULL
725,373,2/5/2014 4:44,2/5/2014 6:22,ACCPD,MISDEMEANOR,VEHICLE,OBEYING SIGNAL/SIGNS,MUNCT,REL TO DOUBLE O BONDING,500,NULL,NULL,14020236,NULL
726,373,2/5/2014 4:44,2/5/2014 6:22,ACCPD,MISDEMEANOR,DUI,POSS OPEN CONT VEHIC,MUNCT,REL TO DOUBLE O BONDING,250,NULL,NULL,14020236,NULL
766,394,2/13/2014 18:08,2/14/2014 4:00,SO,MISDEMEANOR,DUI,DUI ALCOHOL,MUNCT,TIME SERVED,0,NULL,NULL,NULL,NULL
849,440,2/6/2014 22:17,2/6/2014 23:25,SO,MISDEMEANOR,HAZING STUDENTS-MISD,HAZING STUDENTS-MISD,STCRT,RELEASE TO ATHENS BONDING,2500,NULL,MC01CRCR140703,NULL,NULL
850,440,2/7/2014 0:26,2/7/2014 1:14,SO,MISDEMEANOR,WARRANT,MUN BENCH WARRANT,MUNCT,CASH BOND POSTED/J. PATTON,325,NULL,CRTR1316820,NULL,NULL
851,440,2/18/2014 10:51,2/18/2014 13:11,UGAPD,MISDEMEANOR,VEHICLE,SAFETY BELTS PASS VE,MUNCT,REL TO ATHENS BONDING,500,NULL,NULL,14-0460,NULL
852,440,2/18/2014 10:51,2/18/2014 13:11,UGAPD,MISDEMEANOR,VEHICLE,SUSPENDED LICENSE,MUNCT,REL TO ATHENS BONDING,1500,NULL,NULL,14-0460,NULL
866,447,2/19/2014 1:26,NULL,ACCPD,MISDEMEANOR,FAILURE TO APPEAR,FAILURE TO APPEAR,STCRT,NULL,0,NULL,ST14CR0300,14021013,NULL
867,447,2/19/2014 1:26,NULL,ACCPD,FELONY,PROBATION VIOL,PROBATION VIOL SUPCT,SUPCT,NULL,0,NULL,SU09CR1780R1,14021013,NULL
930,476,4/8/2014 0:37,4/8/2014 1:41,ACCPD,MISDEMEANOR,PUBLIC INTOXICATION,OPEN CONTAINERS,MUNCT,REL TO DOUBLE O BONDING,500,NULL,NULL,14040493,NULL
931,476,4/8/2014 0:37,4/8/2014 1:41,ACCPD,MISDEMEANOR,UNDAGE POS/FURN ALCH,UNDAGE POS/FURN ALCH,MUNCT,REL TO DOUBLE O BONDING,500,NULL,NULL,14040493,NULL
932,477,4/13/2014 0:48,4/13/2014 2:09,ACCPD,MISDEMEANOR,UNDAGE POS/FURN ALCH,UNDAGE POS/FURN ALCH,MUNCT,BOND POSTED BY DOUBLE O BOND,500,NULL,NULL,01-14-4-0853,NULL
933,478,2/5/2014 15:25,2/6/2014 12:55,SO,MISDEMEANOR,PROBATION VIOL,PROBATION VIOL STCRT,STCRT,TIME SERVED,0,NULL,ST12CR2873RI,NULL,NULL
934,478,2/5/2014 15:25,NULL,SO,MISDEMEANOR,PROBATION VIOL,PROBATION VIOL MUNCT,STCRT,NULL,0,NULL,ST12CR2873RI,NULL,NULL
993,505,3/5/2014 10:45,NULL,SO,NULL,RETURNED FOR COURT,RETURNED FOR COURT,SUPCT,NULL,0,NULL,NULL,NULL,NULL
1018,517,4/7/2014 15:30,NULL,SO,MISDEMEANOR,PROBATION VIOL,PROBATION VIOL MUNCT,NULL,NULL,0,NULL,MU1318522,NULL,NULL
1116,576,2/6/2014 21:29,2/7/2014 14:49,SO,MISDEMEANOR,PROBATION VIOL,PROBATION VIOL STCRT,STCRT,TIME SERVED,0,NULL,ST11CR2358R4,NULL,NULL
1136,589,2/10/2014 15:48,NULL,SO,MISDEMEANOR,PROBATION VIOL,PROBATION VIOL STCRT,STCRT,NULL,0,NULL,ST13CR1638R1,NULL,NULL
1169,607,3/28/2014 2:00,3/28/2014 2:58,ACCPD,MISDEMEANOR,VEHICLE,OBEYING SIGNAL/SIGNS,MUNCT,REL TO JAMES BONDING,500,NULL,NULL,14031601,NULL
1170,607,3/28/2014 2:00,3/28/2014 2:58,ACCPD,MISDEMEANOR,VEHICLE,SUSPENDED LICENSE,MUNCT,REL TO JAMES BONDING,1500,NULL,NULL,14031601,NULL
1171,607,4/7/2014 17:20,NULL,SO,MISDEMEANOR,PROBATION VIOL,PROBATION VIOL STCRT,STCRT,NULL,0,NULL,ST13CR1914R1,NULL,NULL
1262,660,2/7/2014 22:59,NULL,SO,MISDEMEANOR,PROBATION VIOL,PROBATION VIOL STCRT,STCRT,NULL,0,NULL,ST12CT2900R1,NULL,NULL
1278,670,2/11/2014 20:47,2/12/2014 16:56,SO,MISDEMEANOR,DUI,DUI ALCOHOL,NULL,TIME SERVED,0,NULL,ST13CR1372,NULL,NULL
1288,676,2/8/2014 22:21,NULL,ACCPD,MISDEMEANOR,VEHICLE,NO PROOF INSURANCE,MUNCT,NULL,1000,NULL,NULL,14020489,NULL
1289,676,2/8/2014 22:21,NULL,ACCPD,MISDEMEANOR,VEHICLE,SUS/REVOK REGISTRATI,MUNCT,NULL,500,NULL,NULL,14020489,NULL
1290,676,2/8/2014 22:21,NULL,ACCPD,MISDEMEANOR,VEHICLE,SUSPENDED LICENSE,MUNCT,NULL,1500,NULL,NULL,14020489,NULL
1300,680,1/31/2014 17:58,1/31/2014 19:25,SO,MISDEMEANOR,DUI,DUI ALCOHOL,STCRT,TIME SERVED,0,NULL,ST13CR2661,NULL,NULL
1307,685,3/4/2014 15:49,NULL,SO,MISDEMEANOR,PROBATION VIOL,PROBATION VIOL MUNCT,MUNCT,NULL,0,NULL,MU1314687,NULL,NULL
1322,700,3/1/2014 9:36,3/1/2014 21:18,SO,MISDEMEANOR,DUI,DUI ALCOHOL,STCRT,TIME SERVED,0,NULL,ST13CR2897,NULL,NULL
1327,704,2/24/2014 18:02,NULL,SO,FELONY,BURGLARY,BURGLARY 1 DEGREE,SUPCT,NULL,0,NULL,MC01CRCR14851,NULL,NULL
1346,711,3/30/2014 9:50,NULL,SO,FELONY,PROBATION VIOL,PROBATION VIOL SUPCT,SUPCT,NULL,0,NULL,SU07CR1176R1,NULL,NULL
1355,718,3/28/2014 13:25,NULL,SO,MISDEMEANOR,PROBATION VIOL,PROBATION VIOL MUNCT,MUNCT,NULL,0,NULL,MU1026978,NULL,NULL
1402,740,3/16/2014 4:05,3/16/2014 5:14,ACCPD,MISDEMEANOR,CRIMINAL TRESPASS,CRIMINAL TRESPASS,MUNCT,RELEASED TO ATHENS BONDING,1500,NULL,NULL,14030891,NULL
1403,740,3/16/2014 4:05,3/16/2014 5:14,ACCPD,MISDEMEANOR,UNDAGE POS/FURN ALCH,UNDAGE POS/FURN ALCH,MUNCT,RELEASED TO ATHENS BONDING,500,NULL,NULL,14030891,NULL
1404,740,3/18/2014 11:27,NULL,ACCPD,MISDEMEANOR,PROBATION VIOL,PROBATION VIOL MUNCT,MUNCT,NULL,0,NULL,MU1226578,NULL,NULL
1409,744,4/7/2014 18:01,NULL,SO,MISDEMEANOR,VEHICLE,RECKLESS DRIVING,STCRT,NULL,0,NULL,ST13CR2516,NULL,NULL
1468,772,3/25/2014 10:55,3/25/2014 12:34,ACCPD,MISDEMEANOR,VEHICLE,SPEEDING,MUNCT,BOND POSTED JAMES BOND,500,NULL,NULL,NULL,NULL
1469,772,3/25/2014 10:55,3/25/2014 12:34,ACCPD,MISDEMEANOR,VEHICLE,SUSPENDED LICENSE,MUNCT,BOND POSTED JAMES BOND,1500,NULL,NULL,NULL,NULL
1508,788,2/25/2014 17:33,NULL,SO,MISDEMEANOR,PROBATION VIOL,PROBATION VIOL STCRT,STCRT,NULL,0,NULL,ST12CR2168R11,NULL,NULL
1560,819,3/6/2014 5:45,3/6/2014 7:31,GSP,MISDEMEANOR,DUI,DUI ALCOHOL,MUNCT,AARONS BONDING,1500,NULL,NULL,NULL,NULL
1561,819,3/6/2014 5:45,3/6/2014 7:31,GSP,MISDEMEANOR,VEHICLE,HEADLIGHTS,MUNCT,AARONS BONDING,500,NULL,NULL,NULL,NULL
1588,833,2/22/2014 2:49,2/22/2014 6:12,ACCPD,MISDEMEANOR,DISORDERLY CONDUCT,DISORDERLY CONDUCT,STCRT,REL TO BOND JAMES BONDING CO.,500,NULL,NULL,114021215,NULL
1589,833,2/22/2014 2:49,2/22/2014 6:12,ACCPD,MISDEMEANOR,FALSE ID,LIC/FALSE NAME ON,STCRT,REL TO BOND JAMES BONDING CO.,1500,NULL,NULL,114021215,NULL
1590,833,2/22/2014 2:49,2/22/2014 6:12,ACCPD,MISDEMEANOR,OBSTRUCTION,OBSTRUCTION LEO,STCRT,REL TO BOND JAMES BONDING CO.,5000,NULL,NULL,114021215,NULL
1591,833,2/22/2014 2:49,2/22/2014 6:12,ACCPD,MISDEMEANOR,UNDAGE POS/FURN ALCH,UNDAGE POS/FURN ALCH,STCRT,REL TO BOND JAMES BONDING CO.,500,NULL,NULL,114021215,NULL
1596,836,3/18/2014 22:11,NULL,SO,MISDEMEANOR,PROBATION VIOL,PROBATION VIOL STCRT,STCRT,NULL,0,NULL,ST13CR0391R1,NULL,NULL
1603,841,3/1/2014 0:44,3/1/2014 3:31,ACCPD,MISDEMEANOR,WARRANT,MUN BENCH WARRANT,MUNCT,BOND POSTED CASH,335,NULL,CRTR1320643,14021654,NULL
1662,879,3/4/2014 11:38,NULL,SO,MISDEMEANOR,PROBATION VIOL,PROBATION VIOL STCRT,STCRT,NULL,0,NULL,ST13CR0383R1,NULL,NULL
1687,892,2/19/2014 3:55,2/19/2014 4:58,GSP,MISDEMEANOR,VEHICLE,SPEEDING,MUNCT,REL TO DOUBLE O BONDING,500,NULL,NULL,E01454274,NULL
1688,892,2/19/2014 3:55,2/19/2014 4:58,GSP,MISDEMEANOR,VEHICLE,SUSPENDED LICENSE,MUNCT,REL TO DOUBLE O BONDING,1500,NULL,NULL,E01454274,NULL
1689,892,2/24/2014 19:25,NULL,SO,MISDEMEANOR,PROBATION VIOL,PROBATION VIOL MUNCT,MUNCT,NULL,0,NULL,MU131649117338,NULL,NULL
1746,920,2/20/2014 23:08,2/21/2014 0:37,ACCPD,FELONY,GIVING FALSE INFORMA,FAL STATEMENT OFFICE,STCRT,BOND POSTED BY AARON BONDING,5000,NULL,NULL,14-02-1145,NULL
1747,920,2/20/2014 23:08,2/21/2014 0:37,ACCPD,MISDEMEANOR,VEHICLE,HIT&RUN/PARKED VEH.,STCRT,BOND POSTED BY AARON BONDING,1500,NULL,NULL,14-02-1145,NULL
1748,920,2/20/2014 23:08,2/21/2014 0:37,ACCPD,MISDEMEANOR,VEHICLE,IMPROPER BACKING,STCRT,BOND POSTED BY AARON BONDING,250,NULL,NULL,14-02-1145,NULL
1791,941,3/30/2014 9:31,3/30/2014 10:59,SO,MISDEMEANOR,VEHICLE,RECKLESS DRIVING,STCRT,TIME SERVED,0,NULL,ST13CR1335,NULL,NULL
1801,948,2/21/2014 0:40,2/21/2014 7:32,ACCPD,MISDEMEANOR,UNDAGE POS/FURN ALCH,UNDAGE POS/FURN ALCH,MUNCT,BOND POSTED 00 BONDING,500,NULL,NULL,11421152,NULL
1860,985,2/17/2014 14:26,2/18/2014 13:43,ACCPD,FELONY,WEAPONS/FIREARM,POSS FIRARM COM CRIM,SUPCT,REL TO DOUBLE O BONDING,10000,NULL,NULL,NULL,NULL
1861,985,2/17/2014 14:26,2/18/2014 13:43,ACCPD,FELONY,POSS SCH CONT SUB,POSS I&II SUB W/INT,SUPCT,REL TO DOUBLE O BONDING,2000,NULL,NULL,NULL,NULL
1862,985,2/17/2014 14:26,2/18/2014 13:43,ACCPD,FELONY,POSS OF MARIJ,POSS MARIJ W/INTENT,SUPCT,REL TO DOUBLE O BONDING,2000,NULL,NULL,NULL,NULL
1863,985,2/17/2014 14:26,2/18/2014 13:43,ACCPD,FELONY,POSS OF MARIJ,POSS/MANU/SELL/MARIJ,SUPCT,REL TO DOUBLE O BONDING,3000,NULL,NULL,NULL,NULL
1891,1002,3/8/2014 2:53,3/8/2014 4:49,ACCPD,MISDEMEANOR,DUI,DUI ALCOHOL,MUNCT,REL TO AARON BONDING CO.,1500,NULL,NULL,14030404,NULL
1892,1002,3/8/2014 2:53,3/8/2014 4:49,ACCPD,MISDEMEANOR,VEHICLE,IMPROPER DRIVING,MUNCT,REL TO AARON BONDING CO.,500,NULL,NULL,14030404,NULL
1911,1014,3/10/2014 4:36,NULL,UGAPD,MISDEMEANOR,LOITERING/PROWLING,LOITERING/PROWLING,STCRT,NULL,5000,NULL,NULL,140700,NULL
1923,1022,4/11/2014 21:08,4/14/2014 19:39,ACCPD,MISDEMEANOR,VEHICLE,SUSPENDED LICENSE,MUNCT,OR BOND POSTED,0,NULL,NULL,14040757,4/17/2014 14:00
1924,1022,4/12/2014 16:18,NULL,SO,MISDEMEANOR,PROBATION VIOL,PROBATION VIOL SUPCT,SUPCT,NULL,0,NULL,SU12CR0823,NULL,4/17/2014 14:00
1926,1024,4/16/2014 16:09,NULL,SO,MISDEMEANOR,PROBATION VIOL,PROBATION VIOL STCRT,SUPCT,NULL,0,NULL,ST13CR0355R2,NULL,4/17/2014 14:00
1933,1028,4/17/2014 5:24,NULL,UGAPD,MISDEMEANOR,UNDAGE POS/FURN ALCH,UNDAGE POS/FURN ALCH,SUPCT,NULL,500,NULL,NULL,141010,4/17/2014 14:00
1936,1031,4/13/2014 12:55,NULL,SO,MISDEMEANOR,PROBATION VIOL,PROBATION VIOL MUNCT,MUNCT,NULL,0,NULL,MU0917480,NULL,4/17/2014 14:00
1937,1031,4/13/2014 3:52,4/13/2014 5:12,ACCPD,MISDEMEANOR,PUBLIC INTOXICATION,PUBLIC INTOXICATION,MUNCT,BOND PSTED BY DOUBLE O BOND,500,NULL,NULL,01-14-04-0865,4/17/2014 14:00
1938,1031,4/14/2014 23:26,4/15/2014 0:31,ACCPD,MISDEMEANOR,VEHICLE,SUSPENDED LICENSE,MUNCT,REL TO DOUBLE O BONDING CO.,1500,NULL,NULL,14090999,4/17/2014 14:00
1958,1039,4/21/2014 6:58,NULL,ACCPD,MISDEMEANOR,VIOL.FAM.VIOL.ORDER,VIOL.FAM.VIOL.ORDER,STCRT,NULL,0,NULL,NULL,14041433,4/21/2014 10:45
1959,1039,4/16/2014 17:31,4/21/2014 3:42,SO,FELONY,PROBATION VIOL,PROBATION VIOL SUPCT,SUPCT,REL TO COLWELL PDC,0,NULL,SU12CR0495R1,NULL,4/21/2014 10:45
1986,1051,4/20/2014 4:13,4/20/2014 6:44,GSP,MISDEMEANOR,VEHICLE,IMPROPER DRIVING,MUNCT,REL TO DOUBLE O BONDING CO.,500,NULL,NULL,NULL,4/21/2014 10:45
1987,1051,4/20/2014 5:21,4/20/2014 7:28,ACCPD,MISDEMEANOR,UNDAGE POS/FURN ALCH,UNDAGE POS/FURN ALCH,MUNCT,REL TO DOUBLE O BONDING CO.,500,NULL,NULL,14041394,4/21/2014 10:45
1988,1052,4/18/2014 5:31,4/18/2014 8:54,UGAPD,MISDEMEANOR,UNDAGE POS/FURN ALCH,UNDAGE POS/FURN ALCH,STCRT,REL TO AARON BONDING,500,NULL,NULL,141026,4/21/2014 10:45
1994,1056,4/17/2014 21:39,4/17/2014 23:40,ACCPD,MISDEMEANOR,VEHICLE,SPEEDING,MUNCT,DOUBLE O BONDING,500,NULL,NULL,14041207,4/21/2014 10:45
2002,1060,4/19/2014 4:58,4/19/2014 6:11,UGAPD,MISDEMEANOR,UNDAGE POS/FURN ALCH,UNDAGE POS/FURN ALCH,MUNCT,REL TO BOND JAMES BOND,500,NULL,NULL,141041,4/21/2014 10:45
2013,1065,4/17/2014 5:24,4/17/2014 19:31,UGAPD,MISDEMEANOR,UNDAGE POS/FURN ALCH,UNDAGE POS/FURN ALCH,SUPCT,RELEASE TO JAMES BD COMPANY,500,NULL,NULL,141010,4/21/2014 10:45
2014,1065,4/17/2014 2:17,4/17/2014 4:10,ACCPD,MISDEMEANOR,UNDAGE POS/FURN ALCH,UNDAGE POS/FURN ALCH,MUNCT,BOND POSTED ARON BONDING,500,NULL,NULL,NULL,4/21/2014 10:45
2015,1065,4/17/2014 23:09,NULL,SO,FELONY,PROBATION VIOL,PROBATION VIOL SUPCT,SUPCT,NULL,0,NULL,SU07CR2051,NULL,4/21/2014 10:45
2016,1066,4/16/2014 20:55,4/17/2014 11:31,ACCPD,TO BE DETERMINED,HOLD,OTHER AGENCY HOLD,NULL,RELEASE TO ROCKDALE COUNTY,0,NULL,NULL,14041122,4/21/2014 10:45
2017,1066,4/18/2014 0:20,4/18/2014 4:02,ACCPD,MISDEMEANOR,POSS OF MARIJ,POSS OF MARIJ-1OZ-,MUNCT,BOND POSTED AND CASH PAID,1000,NULL,NULL,114041218,4/21/2014 10:45
2023,1070,4/16/2014 8:44,NULL,ACCPD,FELONY,PROBATION VIOL,PROBATION VIOL SUPCT,SUPCT,NULL,0,NULL,SU12CR0008R5,NULL,4/21/2014 10:45
2024,1070,4/19/2014 5:13,4/19/2014 7:06,ACCPD,MISDEMEANOR,VEHICLE,SUSPENDED LICENSE,MUNCT,REL TO DOUBLE O BONDING CO.,1500,NULL,NULL,14-04-1307,4/21/2014 10:45
2025,1071,4/16/2014 20:56,4/17/2014 7:55,SO,MISDEMEANOR,VEHICLE,SUSPENDED LICENSE,NULL,RELEASE TO DIVERSION CENTER,0,NULL,MU14139,NULL,4/21/2014 10:45
2026,1071,4/18/2014 13:56,NULL,SO,MISDEMEANOR,PROBATION VIOL,PROBATION VIOL MUNCT,MUNCT,NULL,0,NULL,MU1325667,NULL,4/21/2014 10:45
2027,1071,4/17/2014 23:50,4/19/2014 18:26,ACCPD,MISDEMEANOR,DUI,DUI ENDANGER CHILD,STCRT,REL TO JAMES BOND,0,NULL,NULL,14-04-1214,4/21/2014 10:45
2037,1077,4/19/2014 1:11,4/19/2014 4:40,ACCPD,MISDEMEANOR,VEHICLE,SUSPENDED LICENSE,MUNCT,REL TO DOUBLE O BONDING CO.,1500,NULL,NULL,114041296,4/21/2014 10:45
2051,1083,4/15/2014 21:22,NULL,ACCPD,MISDEMEANOR,VEHICLE,SUSPENDED LICENSE,SUPCT,NULL,1500,NULL,NULL,14041069,4/21/2014 10:45
2052,1083,4/18/2014 4:01,4/18/2014 8:54,GSP,MISDEMEANOR,VEHICLE,SPEEDING,MUNCT,REL TO AARON BONDING,500,NULL,NULL,NULL,4/21/2014 10:45
2070,1093,4/18/2014 21:28,NULL,SO,FELONY,FAILURE TO APPEAR,FAILURE TO APPEAR,SUPCT,NULL,0,NULL,SU13CR0809SW,NULL,4/22/2014 20:00
2071,1094,4/17/2014 0:24,NULL,SO,MISDEMEANOR,PROBATION VIOL,PROBATION VIOL MUNCT,MUNCT,NULL,0,NULL,MU1224659,NULL,4/22/2014 20:00
2072,1094,4/18/2014 17:38,4/21/2014 20:51,SO,FELONY,FAILURE TO APPEAR,FAILURE TO APPEAR,SUPCT,B/W/S/A,0,NULL,SU14CR0181S,NULL,4/22/2014 20:00
2073,1095,4/18/2014 10:14,4/18/2014 12:55,SO,MISDEMEANOR,WARRANT,MUN BENCH WARRANT,NULL,CASH BOND POSTED,0,NULL,MU1326145,NULL,4/22/2014 20:00
2090,1108,4/17/2014 1:13,4/17/2014 14:07,SO,MISDEMEANOR,BATTERY,BATTERY,STCRT,RELEASE TO ATHENS BD COMPANY,2500,NULL,MC01CRCR14-2159,14040620,4/22/2014 20:00
2091,1108,4/22/2014 21:09,NULL,ACCPD,FELONY,ASSAULT,AGGRAVATED ASSAULT,SUPCT,NULL,0,NULL,NULL,14-04-1546,4/24/2014 1:30
2092,1108,4/20/2014 4:01,4/20/2014 5:58,ACCPD,MISDEMEANOR,VEHICLE,SUSPENDED LICENSE,MUNCT,REL TO LUCKY & JOANN SHEATS,1500,NULL,NULL,14041388,4/24/2014 1:30
2093,1108,4/22/2014 17:30,NULL,SO,MISDEMEANOR,PROBATION VIOL,PROBATION VIOL STCRT,STCRT,NULL,0,NULL,ST-12-CR-1698R2,NULL,4/24/2014 1:30
2094,1108,4/19/2014 3:18,4/19/2014 7:25,ACCPD,MISDEMEANOR,VEHICLE,TOO FAST/CONDITIONS,MUNCT,"REL TO ALLEN-LITHGOW, MELISSA",500,NULL,NULL,14041300,4/24/2014 1:30
2192,1169,4/25/2014 22:43,NULL,SO,MISDEMEANOR,VEHICLE,LICENSE REQUIRED,MUNCT,NULL,0,NULL,MU-14-1831,NULL,4/26/2014 15:15
2194,1171,4/25/2014 21:35,NULL,SO,MISDEMEANOR,VEHICLE,SUSPENDED LICENSE,NULL,NULL,0,NULL,MU143539,NULL,4/26/2014 15:15
2195,1171,4/23/2014 11:41,4/23/2014 15:58,ACCPD,MISDEMEANOR,VEHICLE,SUSPENDED LICENSE,MUNCT,PROP BOND BY LOUDER WALLACE,1500,NULL,NULL,NULL,4/26/2014 15:15
2196,1171,4/23/2014 21:56,NULL,ACCPD,MISDEMEANOR,PROBATION VIOL,PROBATION VIOL SUPCT,SUPCT,NULL,0,NULL,SU10CR0671R1,14041626,4/27/2014 14:15
2202,1175,4/22/2014 9:30,NULL,SO,MISDEMEANOR,VEHICLE,SAFETY BELTS PASS VE,MUNCT,NULL,0,NULL,MU1327407,NULL,4/27/2014 14:15
2203,1175,4/24/2014 17:21,4/25/2014 12:12,SO,MISDEMEANOR,DUI,DUI ALCOHOL,STCRT,TIME SERVED,0,NULL,ST13CR2262,NULL,4/27/2014 14:15
2218,1182,4/26/2014 1:28,NULL,GSP,MISDEMEANOR,VEHICLE,STOP & YIELD SIGNS,MUNCT,NULL,500,NULL,NULL,NULL,4/27/2014 14:15
2219,1182,4/25/2014 21:35,NULL,SO,MISDEMEANOR,VEHICLE,SUSPENDED LICENSE,NULL,NULL,0,NULL,MU143539,NULL,4/27/2014 14:15
2227,1188,4/25/2014 12:23,4/27/2014 7:42,SO,MISDEMEANOR,DUI,DUI ALCOHOL,STCRT,TIME SERVED,0,NULL,ST13CR1975,NULL,4/28/2014 11:30
2228,1188,4/27/2014 17:56,NULL,SO,FELONY,PROBATION VIOL,PROBATION VIOL SUPCT,SUPCT,NULL,0,NULL,SU09CR1340,NULL,4/28/2014 11:30
2229,1188,4/25/2014 22:15,4/26/2014 11:23,SO,MISDEMEANOR,VEHICLE,SPEEDING,NULL,TIME SERVED,0,NULL,MU142779,NULL,4/28/2014 11:30
2240,1193,4/29/2014 23:30,4/30/2014 11:34,ACCPD,MISDEMEANOR,DISORDERLY CONDUCT,DISORDERLY CONDUCT,MUNCT,RELEASED TO BOND JAMES BOND,500,NULL,NULL,14-04-2059,5/1/2014 17:00
2266,1204,4/25/2014 21:43,4/27/2014 17:46,SO,MISDEMEANOR,PROBATION VIOL,PROBATION VIOL STCRT,STCRT,RELEASED TIME SERVED,0,NULL,NULL,NULL,5/1/2014 17:00
2301,1217,5/1/2014 2:59,NULL,ACCPD,FELONY,POSSESSION COCAINE,POSSESSION COCAINE,SUPCT,NULL,1500,NULL,NULL,14050006,5/1/2014 17:00
2302,1217,4/28/2014 14:11,4/28/2014 15:30,SO,FELONY,BURGLARY,BURGLARY 2 DEGREE,SUPCT,OR BOND POSTED,10000,NULL,MC01CRCR141812,NULL,5/1/2014 17:00
2305,1219,4/27/2014 4:32,4/27/2014 9:26,ACCPD,MISDEMEANOR,UNDAGE POS/FURN ALCH,UNDAGE POS/FURN ALCH,MUNCT,CASH BOND POSTED/ L ALDRICH,500,NULL,NULL,14041876,5/1/2014 17:00
2306,1219,5/1/2014 23:34,NULL,ACCPD,FELONY,POSSESSION COCAINE,POSS COCAINE W/INTEN,SUPCT,NULL,0,NULL,NULL,14050071,5/2/2014 9:45
2309,1221,4/27/2014 5:16,NULL,ACCPD,MISDEMEANOR,PROBATION VIOL,PROBATION VIOL STCRT,STCRT,NULL,0,NULL,ST13CR2094R1,14041880,5/2/2014 9:45
2310,1222,4/27/2014 18:56,NULL,SO,FELONY,PROBATION VIOL,PROBATION VIOL SUPCT,NULL,NULL,0,NULL,SU11CR0324R1,NULL,5/2/2014 9:45
2325,1230,3/22/2014 3:32,3/22/2014 5:06,ACCPD,MISDEMEANOR,DISORDERLY CONDUCT,DISORDERLY CONDUCT,MUNCT,REL TO JAMES BONDING,500,NULL,NULL,114031244,NULL
2326,1230,3/22/2014 3:32,3/22/2014 5:06,ACCPD,MISDEMEANOR,UNDAGE POS/FURN ALCH,UNDAGE POS/FURN ALCH,MUNCT,REL TO JAMES BONDING,500,NULL,NULL,114031244,NULL
2340,1237,3/21/2014 11:20,3/21/2014 13:32,SO,MISDEMEANOR,POSSESSION COCAINE,DRUGS/ORIGINAL CO,STCRT,REL TO DOUBLE O BONDING CO.,500,NULL,MC01CRCR141671,NULL,NULL
2341,1237,3/21/2014 11:20,3/21/2014 13:32,SO,MISDEMEANOR,DRUGS,OBTAIN DANG DRUG FRA,STCRT,REL TO DOUBLE O BONDING CO.,2500,NULL,MC01CRCR141673,NULL,NULL
2342,1238,3/21/2014 4:29,3/21/2014 16:11,ACCPD,MISDEMEANOR,BATTERY,BATTERY,STCRT,ATHENS BONDING CO.,1500,NULL,NULL,14031151,NULL
2353,1246,4/4/2014 3:06,4/4/2014 5:19,ACCPD,MISDEMEANOR,UNDAGE POS/FURN ALCH,UNDAGE POS/FURN ALCH,MUNCT,RELEASED TO AARON BONDING,500,NULL,NULL,14040218,NULL
2354,1246,4/4/2014 3:06,4/4/2014 5:19,ACCPD,MISDEMEANOR,PUBLIC INDENCENCY,URINATE/DEFECATE PUB,MUNCT,RELEASED TO AARON BONDING,250,NULL,NULL,14040218,NULL
2361,1250,4/3/2014 22:23,NULL,UGAPD,MISDEMEANOR,VEHICLE,OPER UNREGISTERED VE,STCRT,NULL,500,NULL,NULL,140888,NULL
2362,1250,4/3/2014 22:23,NULL,UGAPD,MISDEMEANOR,POSS OF MARIJ,POSS OF MARIJ-1OZ-,STCRT,NULL,1000,NULL,NULL,140888,NULL
2363,1250,4/3/2014 22:23,NULL,UGAPD,MISDEMEANOR,DRUGS,POSS/USE DRUG OBJECT,STCRT,NULL,2500,NULL,NULL,140888,NULL
2375,1258,4/3/2014 1:40,4/3/2014 3:14,ACCPD,MISDEMEANOR,DISORDERLY CONDUCT,DISORDERLY CONDUCT,MUNCT,REL TO AARON BONDING CO,500,NULL,NULL,11440133,NULL
2376,1258,4/3/2014 1:40,4/3/2014 3:14,ACCPD,MISDEMEANOR,PUBLIC INTOXICATION,PUBLIC INTOXICATION,MUNCT,REL TO AARON BONDING CO,500,NULL,NULL,11440133,NULL
2392,1266,4/5/2014 4:12,4/5/2014 4:53,ACCPD,MISDEMEANOR,DUI,DUI ALCOHOL,MUNCT,RELEASED TO AARON BONDING,1500,NULL,NULL,14040307,NULL
2393,1266,4/5/2014 4:12,4/5/2014 4:53,ACCPD,MISDEMEANOR,VEHICLE,IMPROPER TURNING,MUNCT,RELEASED TO AARON BONDING,500,NULL,NULL,14040307,NULL
2395,1268,4/5/2014 2:49,4/5/2014 3:25,ACCPD,MISDEMEANOR,UNDAGE POS/FURN ALCH,UNDAGE POS/FURN ALCH,MUNCT,RELEASED TO AARON BONDING,500,NULL,NULL,14040292,NULL
2396,1269,4/5/2014 2:44,4/5/2014 3:25,ACCPD,MISDEMEANOR,PUBLIC INTOXICATION,OPEN CONTAINERS,MUNCT,RELEASED TO AARON BONDING,500,NULL,NULL,114040292,NULL
2397,1269,4/5/2014 2:44,4/5/2014 3:25,ACCPD,MISDEMEANOR,UNDAGE POS/FURN ALCH,UNDAGE POS/FURN ALCH,MUNCT,RELEASED TO AARON BONDING,500,NULL,NULL,114040292,NULL
2400,1271,4/5/2014 2:33,4/5/2014 4:24,UGAPD,MISDEMEANOR,POSS OF MARIJ,POSS OF MARIJ-1OZ-,STCRT,RELEASED TO AARON BONDING,1000,NULL,NULL,140897,NULL
2401,1271,4/5/2014 2:33,4/5/2014 4:24,UGAPD,MISDEMEANOR,FALSE ID,POSS/MAKING FALSE ID,STCRT,RELEASED TO AARON BONDING,2500,NULL,NULL,140897,NULL
2406,1273,4/5/2014 2:25,4/5/2014 4:24,UGAPD,MISDEMEANOR,POSS OF MARIJ,POSS OF MARIJ-1OZ-,MUNCT,RELEASED TO DOUBLE O BONDING,1000,NULL,NULL,140897,NULL
2407,1274,4/5/2014 2:16,4/5/2014 4:26,UGAPD,MISDEMEANOR,DRUGS,POSS/USE DRUG OBJECT,STCRT,RELEASED TO DOUBLE O BONDING,2500,NULL,NULL,140897,NULL
2408,1274,4/5/2014 2:16,4/5/2014 4:26,UGAPD,MISDEMEANOR,POSS OF MARIJ,POSS OF MARIJ-1OZ-,STCRT,RELEASED TO DOUBLE O BONDING,1000,NULL,NULL,140897,NULL
2409,1275,4/5/2014 1:59,4/5/2014 3:28,UGAPD,MISDEMEANOR,DUI,DUI ALCOHOL,MUNCT,RELEASED TO AARON BONDING,1500,NULL,NULL,140896,NULL
2410,1275,4/5/2014 1:59,4/5/2014 3:28,UGAPD,MISDEMEANOR,VEHICLE,IMPROPER DRIVING,MUNCT,RELEASED TO AARON BONDING,500,NULL,NULL,140896,NULL
2424,1282,4/4/2014 4:54,4/4/2014 14:56,ACCPD,MISDEMEANOR,DUI,DUI ALCOHOL,MUNCT,REL TO SCHAEFER  JENNIFER,1500,NULL,NULL,14040217,NULL
2425,1282,4/4/2014 4:54,4/4/2014 14:56,ACCPD,MISDEMEANOR,VEHICLE,IMPROPER DRIVING,MUNCT,REL TO SCHAEFER  JENNIFER,500,NULL,NULL,14040217,NULL
2426,1282,4/4/2014 4:54,4/4/2014 14:56,ACCPD,MISDEMEANOR,VEHICLE,LIGHTS REQUIRED,MUNCT,REL TO SCHAEFER  JENNIFER,250,NULL,NULL,14040217,NULL
2431,1286,3/30/2014 0:20,3/30/2014 3:20,ACCPD,MISDEMEANOR,UNDAGE POS/FURN ALCH,UNDAGE POS/FURN ALCH,MUNCT,CASH BOND ONLINE/ F STANFORD,500,NULL,NULL,14031738,NULL
2437,1290,3/29/2014 4:02,3/29/2014 5:41,UGAPD,MISDEMEANOR,OBSTRUCTION,OBSTRUCTION 911,STCRT,REL TO AARON BONDING COMPANY,5000,NULL,NULL,140836,NULL
2438,1290,3/29/2014 4:02,3/29/2014 5:41,UGAPD,MISDEMEANOR,UNDAGE POS/FURN ALCH,UNDAGE POS/FURN ALCH,STCRT,REL TO AARON BONDING COMPANY,500,NULL,NULL,140836,NULL
2442,1293,3/29/2014 19:15,3/29/2014 20:43,ACCPD,MISDEMEANOR,THEFT,THEFT BY SHOPLIFTING,MUNCT,CASH BOND POSTED/ SURESH AMBAT,1500,NULL,NULL,14031718,NULL
2445,1296,3/29/2014 2:18,3/29/2014 3:47,ACCPD,MISDEMEANOR,UNDAGE POS/FURN ALCH,UNDAGE POS/FURN ALCH,MUNCT,REL TO AARON BONDING CO,500,NULL,NULL,14031678,NULL
2454,1301,3/28/2014 21:59,NULL,ACCPD,MISDEMEANOR,POSS OF MARIJ,POSS OF MARIJ-1OZ-,MUNCT,NULL,1000,NULL,NULL,14-03-1666,NULL
2468,1308,3/31/2014 19:27,3/31/2014 22:50,GSP,MISDEMEANOR,DUI,DUI ALCOHOL,MUNCT,TRANSFER BOND JACKSON CO,1500,NULL,NULL,NULL,NULL
2469,1308,3/31/2014 19:27,3/31/2014 22:50,GSP,MISDEMEANOR,VEHICLE,FAIL YIELD RIGHTAWAY,MUNCT,TRANSFER BOND JACKSON CO,500,NULL,NULL,NULL,NULL
2489,1320,3/30/2014 2:04,3/30/2014 4:22,ACCPD,MISDEMEANOR,FALSE ID,POSS/MAKING FALSE ID,STCRT,REL TO AARON BONDING CO,2500,NULL,NULL,14031748,NULL
2490,1320,3/30/2014 2:04,3/30/2014 4:22,ACCPD,MISDEMEANOR,UNDAGE POS/FURN ALCH,UNDAGE POS/FURN ALCH,STCRT,REL TO AARON BONDING CO,500,NULL,NULL,14031748,NULL
2491,1320,3/30/2014 2:04,3/30/2014 4:22,ACCPD,MISDEMEANOR,PUBLIC INDENCENCY,URINATE/DEFECATE PUB,STCRT,REL TO AARON BONDING CO,250,NULL,NULL,14031748,NULL
2492,1321,3/30/2014 4:13,3/30/2014 6:19,UGAPD,MISDEMEANOR,DUI,DUI ALCOHOL,MUNCT,REL TO DOUBLE O,1500,NULL,NULL,140844,NULL
2493,1321,3/30/2014 4:13,3/30/2014 6:19,UGAPD,MISDEMEANOR,VEHICLE,IMPROPER DRIVING,MUNCT,REL TO DOUBLE O,500,NULL,NULL,140844,NULL
2494,1321,3/30/2014 4:13,3/30/2014 6:19,UGAPD,MISDEMEANOR,UNDAGE POS/FURN ALCH,UNDAGE POS/FURN ALCH,MUNCT,REL TO DOUBLE O,500,NULL,NULL,140844,NULL
2516,1334,1/31/2014 4:34,2/1/2014 12:59,ACCPD,MISDEMEANOR,DUI,DUI ALCOHOL,STCRT,BOND POSTED BY AARON BONDING,2000,NULL,NULL,14011782,NULL
2517,1334,1/31/2014 4:34,2/1/2014 12:59,ACCPD,MISDEMEANOR,VEHICLE,OBEYING SIGNAL/SIGNS,STCRT,BOND POSTED BY AARON BONDING,500,NULL,NULL,14011782,NULL
2518,1335,4/12/2014 15:04,4/12/2014 18:24,DNR,MISDEMEANOR,INTERFERENCE,INTERFERENCE RANGER,STCRT,REL TO DOUBLE O BONDING,500,NULL,NULL,21114041201,NULL
2519,1335,4/12/2014 15:04,4/12/2014 18:24,DNR,MISDEMEANOR,VEHICLE,NON/RES/W/O LIC,STCRT,REL TO DOUBLE O BONDING,500,NULL,NULL,21114041201,NULL
2520,1336,4/12/2014 15:05,4/12/2014 18:24,DNR,MISDEMEANOR,INTERFERENCE,INTERFERENCE RANGER,STCRT,REL TO DOUBLE O BONDING,500,NULL,NULL,NULL,NULL
2521,1336,4/12/2014 15:05,4/12/2014 18:24,DNR,MISDEMEANOR,VEHICLE,NON/RES/W/O LIC,STCRT,REL TO DOUBLE O BONDING,500,NULL,NULL,NULL,NULL
2551,1352,2/2/2014 4:14,2/2/2014 11:41,ACCPD,MISDEMEANOR,DUI,DUI ALCOHOL,STCRT,BOND POSTED BY DOUBLE O BOND,1500,NULL,NULL,14020075,NULL
2552,1352,2/2/2014 4:14,2/2/2014 11:41,ACCPD,MISDEMEANOR,VEHICLE,IMPROPER DRIVING,STCRT,BOND POSTED BY DOUBLE O BOND,500,NULL,NULL,14020075,NULL
2553,1352,2/2/2014 4:14,2/2/2014 11:41,ACCPD,MISDEMEANOR,VEHICLE,STOP & YIELD SIGNS,STCRT,BOND POSTED BY DOUBLE O BOND,500,NULL,NULL,14020075,NULL
2554,1352,2/2/2014 4:14,2/2/2014 11:41,ACCPD,MISDEMEANOR,VEHICLE,SUSPENDED LICENSE,STCRT,BOND POSTED BY DOUBLE O BOND,1500,NULL,NULL,14020075,NULL
2576,1364,4/12/2014 0:58,4/12/2014 9:50,GSP,MISDEMEANOR,DUI,DUI ALCOHOL,MUNCT,RELEASED TO AARON BONDING,1500,NULL,NULL,NULL,NULL
2577,1364,4/12/2014 0:58,4/12/2014 9:50,GSP,MISDEMEANOR,VEHICLE,SPEEDING,MUNCT,RELEASED TO AARON BONDING,500,NULL,NULL,NULL,NULL
2579,1366,4/7/2014 19:47,4/7/2014 20:48,SO,MISDEMEANOR,UNDAGE POS/FURN ALCH,UNDAGE POS/FURN ALCH,MUNCT,REL TO DOUBLE O BONDING,500,NULL,MU145588,NULL,NULL
2598,1380,4/10/2014 13:50,4/10/2014 15:19,SO,MISDEMEANOR,FALSE ID,POSS/MAKING FALSE ID,STCRT,REL TO CLASSIC CITY BONDING,2500,NULL,MC01CRCR141873,NULL,NULL
2599,1380,4/10/2014 13:50,4/10/2014 15:19,SO,MISDEMEANOR,UNDAGE POS/FURN ALCH,UNDAGE POS/FURN ALCH,MUNCT,REL TO CLASSIC CITY BONDING,500,NULL,MC01CRCR141872,NULL,NULL
2603,1383,4/5/2014 9:07,4/5/2014 10:32,UGAPD,MISDEMEANOR,UNDAGE POS/FURN ALCH,UNDAGE POS/FURN ALCH,MUNCT,REL TO ATHENS BONDING CO.,500,NULL,NULL,14-0898,NULL
2616,1390,4/5/2014 22:50,NULL,ACCPD,MISDEMEANOR,PUBLIC INTOXICATION,PUBLIC INTOXICATION,MUNCT,NULL,500,NULL,NULL,14040363,NULL
2617,1390,4/5/2014 22:50,NULL,ACCPD,MISDEMEANOR,PUBLIC INDENCENCY,URINATE/DEFECATE PUB,MUNCT,NULL,250,NULL,NULL,14040363,NULL
2634,1401,4/5/2014 23:56,4/6/2014 5:45,UGAPD,MISDEMEANOR,FALSE ID,POSS/MAKING FALSE ID,STCRT,BOND POSTED BY AARON BONDING,2500,NULL,NULL,140908,NULL
2635,1401,4/5/2014 23:56,4/6/2014 5:45,UGAPD,MISDEMEANOR,UNDAGE POS/FURN ALCH,UNDAGE POS/FURN ALCH,STCRT,BOND POSTED BY AARON BONDING,500,NULL,NULL,140908,NULL
2651,1410,2/6/2014 23:01,2/7/2014 1:54,SO,MISDEMEANOR,HAZING STUDENTS-MISD,HAZING STUDENTS-MISD,STCRT,PROPERTY BOND/ FRED GRESHAM,2500,NULL,MC01CRCR140698,NULL,NULL
2676,1428,4/13/2014 13:41,NULL,ACCPD,MISDEMEANOR,THEFT,THEFT BY SHOPLIFTING,MUNCT,NULL,1500,NULL,NULL,NULL,NULL
2677,1429,4/13/2014 6:04,4/13/2014 7:20,GSP,MISDEMEANOR,DUI,DUI ALCOHOL,MUNCT,BOND POSTED BY AARON BONDING,1500,NULL,NULL,NULL,NULL
2678,1429,4/13/2014 6:04,4/13/2014 7:20,GSP,MISDEMEANOR,DUI,POSS OPEN CONT VEHIC,MUNCT,BOND POSTED BY AARON BONDING,250,NULL,NULL,NULL,NULL
2679,1429,4/13/2014 6:04,4/13/2014 7:20,GSP,MISDEMEANOR,VEHICLE,TAIL LIGHT VIOL,MUNCT,BOND POSTED BY AARON BONDING,250,NULL,NULL,NULL,NULL
2805,1488,2/28/2014 22:17,NULL,SO,MISDEMEANOR,DUI,DUI ALCOHOL,MUNCT,NULL,0,NULL,MU14134,MU14134,NULL
2806,1488,2/28/2014 22:17,NULL,SO,MISDEMEANOR,VEHICLE,ONE WAY ROADWAY,MUNCT,NULL,0,NULL,MU14134,MU14134,NULL
2807,1488,2/28/2014 22:17,NULL,SO,MISDEMEANOR,UNDAGE POS/FURN ALCH,UNDAGE POS/FURN ALCH,MUNCT,NULL,0,NULL,MU14134,MU14134,NULL
2857,1507,3/20/2014 7:16,3/20/2014 17:55,SO,MISDEMEANOR,DUI,DUI ALCOHOL,NULL,TIME SERVED,0,NULL,MU14802,NULL,NULL
2879,1517,2/5/2014 20:51,NULL,SO,MISDEMEANOR,CONTEMPT OF COURT,CONTEMPT OF MUN CT,MUNCT,NULL,0,NULL,MU1322467,NULL,NULL
2880,1518,2/10/2014 12:56,NULL,ACCPD,MISDEMEANOR,VEHICLE,NO PROOF INSURANCE,MUNCT,NULL,1000,NULL,NULL,14-02-0567,NULL
2881,1518,2/10/2014 12:56,NULL,ACCPD,MISDEMEANOR,VEHICLE,SUS/REVOK REGISTRATI,MUNCT,NULL,500,NULL,NULL,14-02-0567,NULL
2882,1518,2/10/2014 12:56,NULL,ACCPD,MISDEMEANOR,VEHICLE,SUSPENDED LICENSE,MUNCT,NULL,1500,NULL,NULL,14-02-0567,NULL
2883,1519,3/4/2014 13:42,3/4/2014 19:50,SO,MISDEMEANOR,DUI,DUI ALCOHOL,STCRT,TIME SERVED,0,NULL,ST14CR0337,NULL,NULL
2962,1555,2/28/2014 2:13,2/28/2014 3:47,ACCPD,MISDEMEANOR,FALSE ID,POSS/MAKING FALSE ID,STCRT,REL TO BOND JAMES BOND,2500,NULL,NULL,14021596,NULL
2963,1555,2/28/2014 2:13,2/28/2014 3:47,ACCPD,MISDEMEANOR,THEFT,THEFT BY SHOPLIFTING,STCRT,REL TO BOND JAMES BOND,1500,NULL,NULL,14021596,NULL
2964,1555,2/28/2014 2:13,2/28/2014 3:47,ACCPD,MISDEMEANOR,UNDAGE POS/FURN ALCH,UNDAGE POS/FURN ALCH,STCRT,REL TO BOND JAMES BOND,500,NULL,NULL,14021596,NULL
3019,1581,1/31/2014 2:23,1/31/2014 3:57,ACCPD,MISDEMEANOR,UNDAGE POS/FURN ALCH,UNDAGE POS/FURN ALCH,MUNCT,REL TO DOUBLE O BONDING,500,NULL,NULL,14011777,NULL
3022,1583,2/16/2014 16:27,2/21/2014 9:04,SO,MISDEMEANOR,CONTEMPT OF COURT,CONTEMPT OF MUN CT,MUNCT,TIME SERVED,300,NULL,MU1312662,NULL,NULL
3024,1585,1/31/2014 4:23,1/31/2014 5:36,UGAPD,MISDEMEANOR,UNDAGE POS/FURN ALCH,UNDAGE POS/FURN ALCH,MUNCT,REL TO AARON BONDING,500,NULL,NULL,140295,NULL
3025,1586,1/31/2014 3:26,1/31/2014 5:35,UGAPD,MISDEMEANOR,DUI,DUI ALCOHOL,MUNCT,REL TO DOUBLE O BONDING,1500,NULL,NULL,140294,NULL
3026,1586,1/31/2014 3:26,1/31/2014 5:35,UGAPD,MISDEMEANOR,VEHICLE,LIGHTS REQUIRED,MUNCT,REL TO DOUBLE O BONDING,250,NULL,NULL,140294,NULL
3027,1586,1/31/2014 3:26,1/31/2014 5:35,UGAPD,MISDEMEANOR,UNDAGE POS/FURN ALCH,UNDAGE POS/FURN ALCH,MUNCT,REL TO DOUBLE O BONDING,500,NULL,NULL,140294,NULL
3047,1596,2/2/2014 5:08,2/2/2014 7:04,ACCPD,MISDEMEANOR,DUI,DUI ALCOHOL,MUNCT,REL TO DOUBLE O BONDING,1500,NULL,NULL,11420073,NULL
3048,1596,2/2/2014 5:08,2/2/2014 7:04,ACCPD,MISDEMEANOR,VEHICLE,ONE WAY ROADWAY,MUNCT,REL TO DOUBLE O BONDING,500,NULL,NULL,11420073,NULL
3049,1597,2/2/2014 5:13,2/2/2014 7:08,ACCPD,MISDEMEANOR,DUI,DUI ALCOHOL,MUNCT,RELEASE TO DOUBLE O BD COMPANY,1500,NULL,NULL,14020076,NULL
3050,1597,2/2/2014 5:13,2/2/2014 7:08,ACCPD,MISDEMEANOR,VEHICLE,IMPROPER DRIVING,MUNCT,RELEASE TO DOUBLE O BD COMPANY,500,NULL,NULL,14020076,NULL
3051,1597,2/2/2014 5:13,2/2/2014 7:08,ACCPD,MISDEMEANOR,FALSE ID,LIC/EXHIB ON DEMAND,MUNCT,RELEASE TO DOUBLE O BD COMPANY,500,NULL,NULL,14020076,NULL
3052,1597,2/2/2014 5:13,2/2/2014 7:08,ACCPD,MISDEMEANOR,DUI,POSS OPEN CONT VEHIC,MUNCT,RELEASE TO DOUBLE O BD COMPANY,250,NULL,NULL,14020076,NULL
3053,1597,2/2/2014 5:13,2/2/2014 7:08,ACCPD,MISDEMEANOR,UNDAGE POS/FURN ALCH,UNDAGE POS/FURN ALCH,MUNCT,RELEASE TO DOUBLE O BD COMPANY,500,NULL,NULL,14020076,NULL
3091,1621,2/2/2014 4:29,2/2/2014 9:19,ACCPD,MISDEMEANOR,DUI,DUI MULTIPLE SUBS,MUNCT,BOND POSTED BY CLASSIC CITY,1500,NULL,NULL,14020071,NULL
3092,1621,2/2/2014 4:29,2/2/2014 9:19,ACCPD,MISDEMEANOR,VEHICLE,IMPROPER DRIVING,MUNCT,BOND POSTED BY CLASSIC CITY,500,NULL,NULL,14020071,NULL
3093,1621,2/2/2014 4:29,2/2/2014 9:19,ACCPD,MISDEMEANOR,VEHICLE,OBEYING SIGNAL/SIGNS,MUNCT,BOND POSTED BY CLASSIC CITY,500,NULL,NULL,14020071,NULL
3099,1624,2/2/2014 3:23,2/2/2014 6:03,ACCPD,MISDEMEANOR,DUI,DUI ALCOHOL,MUNCT,RELEASE TO AARON BD COMPANY,1500,NULL,NULL,14020069,NULL
3100,1624,2/2/2014 3:23,2/2/2014 6:03,ACCPD,MISDEMEANOR,VEHICLE,IMPROPER DRIVING,MUNCT,RELEASE TO AARON BD COMPANY,500,NULL,NULL,14020069,NULL
3106,1627,2/8/2014 2:40,2/8/2014 4:12,UGAPD,MISDEMEANOR,FALSE ID,POSS/MAKING FALSE ID,STCRT,RELEASED TO AARON BONDING,2500,NULL,NULL,140376,NULL
3107,1627,2/8/2014 2:40,2/8/2014 4:12,UGAPD,MISDEMEANOR,UNDAGE POS/FURN ALCH,UNDAGE POS/FURN ALCH,STCRT,RELEASED TO AARON BONDING,500,NULL,NULL,140376,NULL
3108,1628,2/8/2014 2:56,2/8/2014 4:15,ACCPD,MISDEMEANOR,DUI,DUI ALCOHOL,MUNCT,RELEASED TO ATHENS BONDING,1500,NULL,NULL,14020438,NULL
3109,1628,2/8/2014 2:56,2/8/2014 4:15,ACCPD,MISDEMEANOR,VEHICLE,FAILURE TO DIM LIGHT,MUNCT,RELEASED TO ATHENS BONDING,250,NULL,NULL,14020438,NULL
3110,1629,2/8/2014 3:17,2/8/2014 5:41,ACCPD,MISDEMEANOR,FALSE ID,LIC/FALSE NAME ON,MUNCT,RELEASED TO AARON BONDING,1500,NULL,NULL,114020435,NULL
3111,1629,2/8/2014 3:17,2/8/2014 5:41,ACCPD,MISDEMEANOR,UNDAGE POS/FURN ALCH,UNDAGE POS/FURN ALCH,MUNCT,RELEASED TO AARON BONDING,500,NULL,NULL,114020435,NULL
3112,1629,4/11/2014 7:07,4/11/2014 10:47,ACCPD,MISDEMEANOR,DUI,DUI ALCOHOL,STCRT,REL TO AARON BONDING CO,1500,NULL,NULL,14040694,NULL
3113,1629,4/11/2014 7:07,4/11/2014 10:47,ACCPD,MISDEMEANOR,VEHICLE,OBEYING SIGNAL/SIGNS,STCRT,REL TO AARON BONDING CO,500,NULL,NULL,14040694,NULL
3114,1629,4/11/2014 7:07,4/11/2014 10:47,ACCPD,MISDEMEANOR,FALSE ID,POSS/MAKING FALSE ID,STCRT,REL TO AARON BONDING CO,2500,NULL,NULL,14040694,NULL
3115,1629,4/12/2014 20:52,NULL,ACCPD,FELONY,POSS SCH CONT SUB,POSS III IV V W/INT,SUPCT,NULL,0,NULL,NULL,14-4-0829,NULL
3116,1629,4/12/2014 20:52,NULL,ACCPD,MISDEMEANOR,PUBLIC INTOXICATION,PUBLIC INTOXICATION,SUPCT,NULL,500,NULL,NULL,14-4-0829,NULL
3125,1634,2/8/2014 1:19,2/8/2014 2:51,ACCPD,MISDEMEANOR,UNDAGE POS/FURN ALCH,UNDAGE POS/FURN ALCH,MUNCT,RELEASED TO DOUBLE O BONDING,500,NULL,NULL,NULL,NULL
3136,1641,2/8/2014 4:01,2/8/2014 5:02,GSP,MISDEMEANOR,DUI,DUI ALCOHOL,MUNCT,RELEASED TO AARON BONDING,1500,NULL,NULL,NULL,NULL
3137,1641,2/8/2014 4:01,2/8/2014 5:02,GSP,MISDEMEANOR,VEHICLE,OPER UNREGISTERED VE,MUNCT,RELEASED TO AARON BONDING,500,NULL,NULL,NULL,NULL
3138,1642,2/8/2014 4:00,2/8/2014 5:03,ACCPD,MISDEMEANOR,DUI,DUI ALCOHOL,MUNCT,RELEASED TO AARON BONDING,1500,NULL,NULL,NULL,NULL
3139,1642,2/8/2014 4:00,2/8/2014 5:03,ACCPD,MISDEMEANOR,FALSE ID,LIC/FALSE NAME ON,MUNCT,RELEASED TO AARON BONDING,1500,NULL,NULL,NULL,NULL
3140,1642,2/8/2014 4:00,2/8/2014 5:03,ACCPD,MISDEMEANOR,VEHICLE,OBEYING SIGNAL/SIGNS,MUNCT,RELEASED TO AARON BONDING,500,NULL,NULL,NULL,NULL
3141,1642,2/8/2014 4:00,2/8/2014 5:03,ACCPD,MISDEMEANOR,UNDAGE POS/FURN ALCH,UNDAGE POS/FURN ALCH,MUNCT,RELEASED TO AARON BONDING,500,NULL,NULL,NULL,NULL
3154,1648,2/6/2014 21:48,2/6/2014 23:25,SO,MISDEMEANOR,HAZING STUDENTS-MISD,HAZING STUDENTS-MISD,STCRT,RELEASE TO ATHENS BONDING,2500,NULL,CRCR14695,NULL,NULL
3164,1655,2/7/2014 9:04,2/7/2014 10:56,SO,MISDEMEANOR,HAZING STUDENTS-MISD,HAZING STUDENTS-MISD,STCRT,REL TO BOND JAMES BOND,2500,NULL,MC01CRCR140690,NULL,NULL
3165,1656,2/7/2014 1:47,2/7/2014 3:29,GSP,MISDEMEANOR,DUI,DUI ALCOHOL,MUNCT,REL TO ATHENS BONDING,1500,NULL,NULL,NULL,NULL
3166,1656,2/7/2014 1:47,2/7/2014 3:29,GSP,MISDEMEANOR,VEHICLE,HEADLIGHTS,MUNCT,REL TO ATHENS BONDING,500,NULL,NULL,NULL,NULL
3169,1659,2/7/2014 13:29,2/7/2014 19:06,SO,MISDEMEANOR,HAZING STUDENTS-MISD,HAZING STUDENTS-MISD,STCRT,REL TO DOUBLE O BONDING,2500,NULL,CRCR140702,NULL,NULL
3171,1661,2/6/2014 22:30,2/7/2014 0:24,SO,MISDEMEANOR,HAZING STUDENTS-MISD,HAZING STUDENTS-MISD,STCRT,RELEASE TO ATHENS BONDING,2500,NULL,MC01CRCR140699,NULL,NULL
3172,1662,2/6/2014 23:26,2/7/2014 3:05,SO,MISDEMEANOR,HAZING STUDENTS-MISD,HAZING STUDENTS-MISD,STCRT,RELEASE TO ATHENS BONDING,2500,NULL,MC01CRCR140700,NULL,NULL
3174,1664,2/6/2014 23:16,2/7/2014 0:25,SO,MISDEMEANOR,HAZING STUDENTS-MISD,HAZING STUDENTS-MISD,STCRT,RELEASE TO ATHENS BONDING,2500,NULL,CRCR140696,NULL,NULL
3177,1666,2/11/2014 15:17,2/11/2014 17:23,ACCPD,MISDEMEANOR,POSS OF MARIJ,POSS OF MARIJ-1OZ-,MUNCT,REL TO ATHENS BONDING CO,1000,NULL,NULL,14020617,NULL
3179,1668,2/11/2014 15:25,2/11/2014 17:23,ACCPD,MISDEMEANOR,POSS OF MARIJ,POSS OF MARIJ-1OZ-,MUNCT,REL TO AARON BONDING CO,1000,NULL,NULL,14020617,NULL
3189,1673,2/12/2014 3:18,2/12/2014 4:25,UGAPD,MISDEMEANOR,UNDAGE POS/FURN ALCH,UNDAGE POS/FURN ALCH,MUNCT,BOND POSTED AARON BONDING,500,NULL,NULL,140407,NULL
3193,1676,2/12/2014 23:20,2/13/2014 0:57,GSP,MISDEMEANOR,OBSTRUCTION,OBSTRUCTION LEO,STCRT,REL TO AARON BONDING CO.,5000,NULL,NULL,NULL,NULL
3196,1678,2/3/2014 21:45,NULL,ACCPD,FELONY,BATTERY,AGG SEXUAL BATTERY,SUPCT,NULL,0,NULL,NULL,14020169,NULL
3202,1681,2/14/2014 4:52,2/16/2014 12:41,UGAPD,MISDEMEANOR,DUI,DUI ALCOHOL,MUNCT,RELEASE TO AARON BONDING CO,1500,NULL,NULL,140427,NULL
3203,1681,2/14/2014 4:52,2/16/2014 12:41,UGAPD,MISDEMEANOR,VEHICLE,ENTERING/CROSSING RD,MUNCT,RELEASE TO AARON BONDING CO,500,NULL,NULL,140427,NULL
3204,1681,2/14/2014 4:52,2/16/2014 12:41,UGAPD,MISDEMEANOR,UNDAGE POS/FURN ALCH,UNDAGE POS/FURN ALCH,MUNCT,RELEASE TO AARON BONDING CO,500,NULL,NULL,140427,NULL
3214,1688,2/9/2014 1:32,2/9/2014 9:30,ACCPD,MISDEMEANOR,GIVING FALSE INFORMA,GIVING FALSE INFORMA,STCRT,REL TO AARON BONDING,1000,NULL,NULL,14020501,NULL
3215,1688,2/9/2014 1:32,2/9/2014 9:30,ACCPD,MISDEMEANOR,PUBLIC INTOXICATION,PED UNDER INFLUENCE,STCRT,REL TO AARON BONDING,250,NULL,NULL,14020501,NULL
3216,1688,2/9/2014 1:32,2/9/2014 9:30,ACCPD,MISDEMEANOR,UNDAGE POS/FURN ALCH,UNDAGE POS/FURN ALCH,STCRT,REL TO AARON BONDING,500,NULL,NULL,14020501,NULL
3235,1698,2/9/2014 5:21,2/9/2014 8:48,ACCPD,MISDEMEANOR,DUI,DUI DRUGS,MUNCT,REL TO AARON BONDING,1500,NULL,NULL,NULL,NULL
3236,1698,2/9/2014 5:21,2/9/2014 8:48,ACCPD,MISDEMEANOR,VEHICLE,FOLLOWING TOO CLOSEL,MUNCT,REL TO AARON BONDING,500,NULL,NULL,NULL,NULL
3241,1702,2/10/2014 21:55,2/11/2014 1:28,UGAPD,MISDEMEANOR,POSS OF MARIJ,POSS OF MARIJ-1OZ-,STCRT,BOND POSTED BY BOND JAMES BOND,1000,NULL,NULL,NULL,NULL
3242,1702,2/10/2014 21:55,2/11/2014 1:28,UGAPD,MISDEMEANOR,DRUGS,POSS/USE DRUG OBJECT,STCRT,BOND POSTED BY BOND JAMES BOND,2500,NULL,NULL,NULL,NULL
3243,1703,2/10/2014 21:49,2/10/2014 23:56,UGAPD,MISDEMEANOR,POSS OF MARIJ,POSS OF MARIJ-1OZ-,STCRT,BOND POSTED BY AARON BONDING,1000,NULL,NULL,140400,NULL
3244,1703,2/10/2014 21:49,2/10/2014 23:56,UGAPD,MISDEMEANOR,DRUGS,POSS/USE DRUG OBJECT,STCRT,BOND POSTED BY AARON BONDING,2500,NULL,NULL,140400,NULL
3272,1719,2/16/2014 5:06,2/16/2014 13:30,ACCPD,MISDEMEANOR,DUI,DUI ALCOHOL,MUNCT,RELEASED TO DOUBLE O BONDING,1500,NULL,NULL,14020850,NULL
3273,1719,2/16/2014 5:06,2/16/2014 13:30,ACCPD,MISDEMEANOR,VEHICLE,HEADLIGHTS,MUNCT,RELEASED TO DOUBLE O BONDING,500,NULL,NULL,14020850,NULL
3274,1719,2/16/2014 5:06,2/16/2014 13:30,ACCPD,MISDEMEANOR,VEHICLE,OBEYING SIGNAL/SIGNS,MUNCT,RELEASED TO DOUBLE O BONDING,500,NULL,NULL,14020850,NULL
3295,1726,4/2/2014 14:44,NULL,SO,MISDEMEANOR,PROBATION VIOL,PROBATION VIOL STCRT,STCRT,NULL,0,NULL,ST12CR2551R1,NULL,NULL
3333,1744,3/7/2014 9:53,NULL,SO,MISDEMEANOR,PROBATION VIOL,PROBATION VIOL STCRT,STCRT,NULL,0,NULL,ST13CR2177R1,NULL,NULL
3381,1767,2/19/2014 5:43,2/19/2014 10:53,UGAPD,MISDEMEANOR,FALSE ID,POSS/MAKING FALSE ID,STCRT,RELEASED TO ATHENS BONDING,2500,NULL,NULL,140470,NULL
3382,1767,2/19/2014 5:43,2/19/2014 10:53,UGAPD,MISDEMEANOR,UNDAGE POS/FURN ALCH,UNDAGE POS/FURN ALCH,STCRT,RELEASED TO ATHENS BONDING,500,NULL,NULL,140470,NULL
3434,1792,2/24/2014 12:36,2/24/2014 13:56,UGAPD,MISDEMEANOR,POSS OF MARIJ,POSS OF MARIJ-1OZ-,MUNCT,RELEASE TO AARON BONDING,1000,NULL,NULL,NULL,NULL
3453,1806,2/23/2014 3:32,2/23/2014 12:14,ACCPD,MISDEMEANOR,DUI,DUI ALCOHOL,STCRT,REL TO AARON BONDING,1500,NULL,NULL,14021288,NULL
3454,1806,2/23/2014 3:32,2/23/2014 12:14,ACCPD,MISDEMEANOR,VEHICLE,IMPROPER DRIVING,STCRT,REL TO AARON BONDING,500,NULL,NULL,14021288,NULL
3462,1811,2/22/2014 23:49,2/23/2014 1:39,GSP,MISDEMEANOR,VEHICLE,BRAKE LIGHTS,MUNCT,REL TO BOND JAMES BONDING CO.,500,NULL,NULL,E01447866,NULL
3463,1811,2/22/2014 23:49,2/23/2014 1:39,GSP,MISDEMEANOR,DUI,DUI ALCOHOL,MUNCT,REL TO BOND JAMES BONDING CO.,1500,NULL,NULL,E01447866,NULL
3464,1811,2/22/2014 23:49,2/23/2014 1:39,GSP,MISDEMEANOR,VEHICLE,TAIL LIGHT VIOL,MUNCT,REL TO BOND JAMES BONDING CO.,250,NULL,NULL,E01447866,NULL
3468,1814,2/23/2014 2:04,2/23/2014 2:49,UGAPD,MISDEMEANOR,UNDAGE POS/FURN ALCH,UNDAGE POS/FURN ALCH,MUNCT,REL TO PEARSON  OKE LEE III,500,NULL,NULL,NULL,NULL
3480,1821,2/22/2014 4:38,2/22/2014 5:48,UGAPD,MISDEMEANOR,DUI,DUI ALCOHOL,MUNCT,REL TO ATHENS BONDING CO.,1500,NULL,NULL,140512,NULL
3481,1821,2/22/2014 4:38,2/22/2014 5:48,UGAPD,MISDEMEANOR,VEHICLE,IMPROPER DRIVING,MUNCT,REL TO ATHENS BONDING CO.,500,NULL,NULL,140512,NULL
3482,1821,2/22/2014 4:38,2/22/2014 5:48,UGAPD,MISDEMEANOR,VEHICLE,TAIL LIGHT VIOL,MUNCT,REL TO ATHENS BONDING CO.,250,NULL,NULL,140512,NULL
3486,1824,2/22/2014 4:43,2/22/2014 5:59,ACCPD,MISDEMEANOR,PUBLIC INTOXICATION,PED UNDER INFLUENCE,MUNCT,REL TO AARON BONDING,250,NULL,NULL,14021226,NULL
3487,1824,2/22/2014 4:43,2/22/2014 5:59,ACCPD,MISDEMEANOR,UNDAGE POS/FURN ALCH,UNDAGE POS/FURN ALCH,MUNCT,REL TO AARON BONDING,500,NULL,NULL,14021226,NULL
3489,1826,2/22/2014 3:28,2/22/2014 6:15,ACCPD,MISDEMEANOR,THEFT,THEFT BY TAKING,STCRT,RELEASED TO JAMES BOND BONDING,1500,NULL,NULL,14021221,NULL
3492,1828,2/22/2014 3:50,2/22/2014 6:23,UGAPD,MISDEMEANOR,POSS OF MARIJ,POSS OF MARIJ-1OZ-,STCRT,PSTD BY DOUBLE O BONDING,1000,NULL,NULL,140511,NULL
3493,1828,2/22/2014 3:50,2/22/2014 6:23,UGAPD,MISDEMEANOR,FALSE ID,POSS/MAKING FALSE ID,STCRT,PSTD BY DOUBLE O BONDING,2500,NULL,NULL,140511,NULL
3495,1830,2/22/2014 4:02,2/22/2014 6:28,UGAPD,MISDEMEANOR,POSS OF MARIJ,POSS OF MARIJ-1OZ-,STCRT,AARON BONDING,1000,NULL,NULL,140511,NULL
3496,1830,2/22/2014 4:02,2/22/2014 6:28,UGAPD,MISDEMEANOR,DRUGS,POSS/USE DRUG OBJECT,STCRT,AARON BONDING,2500,NULL,NULL,140511,NULL
3497,1831,2/21/2014 22:20,NULL,ACCPD,MISDEMEANOR,VEHICLE,SPEEDING,MUNCT,NULL,500,NULL,NULL,14021193,NULL
3498,1831,2/21/2014 22:20,NULL,ACCPD,MISDEMEANOR,VEHICLE,SUSPENDED LICENSE,MUNCT,NULL,1500,NULL,NULL,14021193,NULL
3518,1840,2/28/2014 13:06,2/28/2014 14:09,SO,MISDEMEANOR,THEFT,THEFT OF SERVICES,STCRT,RELEASED TO CLASSIC CITY BOND,1500,NULL,MC01CRCR141278,140406,NULL
3522,1843,2/28/2014 22:39,2/28/2014 23:14,SO,MISDEMEANOR,DISORDERLY CONDUCT,DISORDERLY CONDUCT,MUNCT,CASH BOND POSTED BY DAD,500,NULL,MU01CRTR140002857,NULL,NULL
3543,1855,2/28/2014 1:46,2/28/2014 3:02,ACCPD,MISDEMEANOR,FALSE ID,POSS/MAKING FALSE ID,STCRT,REL TO BOND JAMES BOND,2500,NULL,NULL,14021594,NULL
3544,1855,2/28/2014 1:46,2/28/2014 3:02,ACCPD,MISDEMEANOR,UNDAGE POS/FURN ALCH,UNDAGE POS/FURN ALCH,STCRT,REL TO BOND JAMES BOND,500,NULL,NULL,14021594,NULL
3546,1857,2/26/2014 20:17,2/26/2014 22:25,UGAPD,MISDEMEANOR,POSS OF MARIJ,POSS OF MARIJ-1OZ-,STCRT,DOUBLE O BONDING CO.,1000,NULL,NULL,140559,NULL
3547,1857,2/26/2014 20:17,2/26/2014 22:25,UGAPD,MISDEMEANOR,DRUGS,POSS/USE DRUG OBJECT,STCRT,DOUBLE O BONDING CO.,2500,NULL,NULL,140559,NULL
3548,1857,2/26/2014 20:17,2/26/2014 22:25,UGAPD,MISDEMEANOR,FALSE ID,POSS/MAKING FALSE ID,STCRT,DOUBLE O BONDING CO.,2500,NULL,NULL,140559,NULL
3555,1860,2/25/2014 21:13,2/25/2014 23:19,SO,MISDEMEANOR,THEFT,THEFT OF LOST PROP,STCRT,BOND POSTED BY KATHERINE GRAFF,500,NULL,MC01CRCR141237,NULL,NULL
3577,1872,2/25/2014 20:44,NULL,SO,FELONY,BATTERY,AGGRAVATED BATTERY,SUPCT,NULL,0,NULL,MC01CRCR141236,NULL,NULL
3582,1876,3/2/2014 4:55,3/2/2014 7:17,UGAPD,MISDEMEANOR,DUI,DUI ALCOHOL,MUNCT,BOND POSTED BY AARON BONDING,1500,NULL,NULL,140604,NULL
3583,1876,3/2/2014 4:55,3/2/2014 7:17,UGAPD,MISDEMEANOR,VEHICLE,HIT&RUN/ FIXED OBJ.,MUNCT,BOND POSTED BY AARON BONDING,1500,NULL,NULL,140604,NULL
3584,1876,3/2/2014 4:55,3/2/2014 7:17,UGAPD,MISDEMEANOR,UNDAGE POS/FURN ALCH,UNDAGE POS/FURN ALCH,MUNCT,BOND POSTED BY AARON BONDING,500,NULL,NULL,140604,NULL
3585,1876,4/6/2014 4:02,4/6/2014 17:53,UGAPD,FELONY,BURGLARY,BURGLARY 1 DEGREE,SUPCT,BOND JAMES BONDING CO.,3000,NULL,NULL,140909,NULL
3586,1876,4/6/2014 4:02,4/6/2014 17:53,UGAPD,FELONY,CRIMINAL DAMAGE,CRIMINAL DAMAGE 2DEG,SUPCT,BOND JAMES BONDING CO.,5000,NULL,NULL,140909,NULL
3587,1876,4/6/2014 4:02,4/6/2014 17:53,UGAPD,MISDEMEANOR,FALSE ID,POSS/MAKING FALSE ID,SUPCT,BOND JAMES BONDING CO.,2500,NULL,NULL,140909,NULL
3588,1877,3/2/2014 4:43,3/2/2014 7:17,ACCPD,MISDEMEANOR,DUI,DUI ALCOHOL,MUNCT,BOND POSTED BY CLASSIC CITY,1500,NULL,NULL,14-03-0072,NULL
3589,1877,3/2/2014 4:43,3/2/2014 7:17,ACCPD,MISDEMEANOR,VEHICLE,OBEYING SIGNAL/SIGNS,MUNCT,BOND POSTED BY CLASSIC CITY,500,NULL,NULL,14-03-0072,NULL
3630,1896,3/2/2014 4:39,3/2/2014 7:16,UGAPD,MISDEMEANOR,FALSE ID,POSS/MAKING FALSE ID,STCRT,BOND POSTED BY BOND JAMES BOND,2500,NULL,NULL,140602,NULL
3631,1896,3/2/2014 4:39,3/2/2014 7:16,UGAPD,MISDEMEANOR,UNDAGE POS/FURN ALCH,UNDAGE POS/FURN ALCH,STCRT,BOND POSTED BY BOND JAMES BOND,500,NULL,NULL,140602,NULL
3655,1906,3/1/2014 20:26,3/1/2014 22:40,UGAPD,MISDEMEANOR,VEHICLE,LICENSE REQUIRED,MUNCT,BOND POSTED BY BOND JAMES BOND,500,NULL,NULL,NULL,NULL
3656,1906,3/1/2014 20:26,3/1/2014 22:40,UGAPD,MISDEMEANOR,VEHICLE,OBEYING SIGNAL/SIGNS,MUNCT,BOND POSTED BY BOND JAMES BOND,500,NULL,NULL,NULL,NULL
3664,1912,3/1/2014 3:49,3/1/2014 11:23,ACCPD,MISDEMEANOR,FALSE ID,LIC/FALSE NAME ON,MUNCT,RELEASED TO CLASSIC CITY BOND,1500,NULL,NULL,11430011,NULL
3665,1912,3/1/2014 3:49,3/1/2014 11:23,ACCPD,MISDEMEANOR,UNDAGE POS/FURN ALCH,UNDAGE POS/FURN ALCH,MUNCT,RELEASED TO CLASSIC CITY BOND,500,NULL,NULL,11430011,NULL
3666,1912,3/1/2014 3:49,3/1/2014 11:23,ACCPD,MISDEMEANOR,PUBLIC INDENCENCY,URINATE/DEFECATE PUB,MUNCT,RELEASED TO CLASSIC CITY BOND,250,NULL,NULL,11430011,NULL
